popular video games right now,popular video games 2022,popular video games for kids,popular video games 2020,popular video games 2021,popular video games in the 90s,popular video games in the 80s,popular video games 2000s
computer science salary,computer science salary texas,computer science salary california,computer science jobs,computer science degree,computer science major,computer science internships,computer science vs computer engineering
computershare,computer repair near me,computer science,computer desk,computer monitor,computer games,computer engineering,computer science salary
supercomputer definition,supercomputer price,supercomputer 2022,supercomputer capabilities,supercomputer size,supercomputer satisfactory,supercomputer fugaku,supercomputer description
programming languages,programming socks,programming jobs,programming jobs texas,programming jobs california,programming languages list,programming directv remote,programming vs coding
c programming,c programming language,c programming tutorial,c programming a modern approach,c programming online,c programming language pdf,c programming language 2nd edition,c programming book
c programming language pdf,c programming language 2nd edition,c programming language book,c programming language tutorial,c programming language download,c programming language examples,c programming language logo,c programming language history
oldest programming language list,oldest programming language reddit,oldest programming language syntax,earliest programming language,oldest scripting language,oldest computer programming language,3rd oldest programming language,oldest system programming language
python download,python dictionary,python for loop,python compiler,python programming,python snake,python list,python enumerate
computer architecture a quantitative approach,computer architecture interview questions,computer architecture course,computer architecture and organization,computer architecture book,computer architecture rutgers,computer architecture definition,computer architecture pdf
tensorflow vs pytorch,tensorflow github,tensorflow playground,tensorflow js,tensorflow lite,tensorflow tutorial,tensorflow gpu,tensorflow python
gpu benchmark,gpu comparison,gpu z,gpu prices,gpupdate,gpu meaning,gpupdate force,gpu hierarchy
cpu benchmark,cpu z,cpu comparison,cpuc,cpu meaning,cpu temp,cpu cooler,cpuid
fastest supercomputer in the world,fastest supercomputers in the world 2022,fastest supercomputer in the world list,fastest supercomputer by year,fastest supercomputer flops,fastest supercomputer in the world 2020,fastest supercomputer in india,fastest supercomputer specs
pc coolant dye,pc coolant temp,pc coolant colors,pc coolant concentrate,pc coolant temperature sensor,pc cooling near me,pc coolant pump,pc coolant ingredients
data structures and algorithms,data structures in python,data structures and algorithms in python,data structures in java,data structures and algorithms in java,data structures cheat sheet,data structures and algorithms course,data structures and algorithms pdf
programming languages list,programming languages ranking,programming languages and their uses,programming languages definition,programming languages for beginners,programming languages for cyber security,programming languages for game development,programming languages to learn
rust programming language,rust programming language tutorial,rust programming jobs,rust programming book,rust programming language examples,rust programming language uses,rust programming language reddit,rust programming language wiki
sql server,sql join,sqlite,sql certification,sql injection,sql formatter,sql server management studio,sql update
sql server,sql join,sqlite,sql certification,sql injection,sql formatter,sql server management studio,sql update
computer science tutorials pdf,computer science tutorials website,computer science tutorials youtube,computer science tutorials free download,computer programming tutorialspoint pdf,computer programming tutorialspoint,computer programming tutorials pdf free download,computer programming tutorials for beginners pdf
history of computer science timeline,history of computer science book,history of computer science pdf,history of computer science education,history of computer science degree,history of computer science ppt,history of computer science presentation,history of computer science documentary
artificial intelligence movie,artificial intelligence definition,artificial intelligence movie cast,artificial intelligence in healthcare,artificial intelligence art,artificial intelligence a modern approach,artificial intelligence examples,artificial intelligence meaning
automation direct,automation anywhere,automation definition,automation engineer,automation personnel,automation fair 2022,automation inc,automation game
cray ii supercomputer,cray iii,cray-2 specs,cray 2 flops,is cray-cray offensive
alan turing movie,alan turing death,alan turing education,alan turing apple logo,alan turing quotes,alan turing machine,alan turing main contribution,alan turing wife
cryptography definition,cryptography python,cryptography jobs,cryptography decoder,cryptography algorithms,cryptography vs encryption,cryptography math,cryptography examples
cryptocurrency prices,cryptocurrency news,cryptocurrency market,cryptocurrency exchange,cryptocurrency market cap,cryptocurrency mining,cryptocurrency meaning,cryptocurrency bitcoin
cybersecurity jobs,cybersecurity jobs texas,cybersecurity jobs california,cybersecurity salary,cybersecurity awareness month,cybersecurity analyst,cybersecurity news,cybersecurity analyst salary
machine learning engineer,machine learning engineer salary,machine learning engineer salary texas,machine learning engineer salary california,machine learning algorithms,machine learning definition,machine learning models,machine learning vs ai
computer networking,computer network architect,computer networking a top-down approach,computer network definition,computer networking salary,computer network architect salary,computer networking jobs,computer network support specialists
network administration salary,network administration degree,network administration is concerned with which tasks,network administration certificate,network administrator jobs,network administration definition,network administration and information security,network administration job description
information technology jobs,information technology jobs texas,information technology jobs california,information technology salary,information technology definition,information technology degree,information technology specialist,information technology careers
ada lovelace day,ada lovelace computer,ada lovelace main contribution,ada lovelace time period,ada lovelace invention,ada lovelace quotes,ada lovelace nvidia,ada lovelace facts
mechanical computer keyboard,mechanical computer inventor,mechanical computer mouse,mechanical computer engineering,mechanical computer kit,mechanical computers examples,mechanical computer aided design,mechanical computer definition
ibm stock,ibm stock price,ibm careers,ibm stock price today,ibm watson,ibm cloud,ibm logo,ibm internships
intel stock,intellectual,intellicast,intel layoffs,intelligent,intelligence,intelius,intellij
apple watch,apple store,apple stock,apple tv,apple music,applebee's,apple store near me,apple watch series 8
silicon valley,silicone,silicone rings,silicon dioxide,silicon valley bank,silicon valley cast,silicone wedding bands,silicone molds
transistor radio,transistor game,transistor definition,transistor symbol,transistor diagram,transistor (video game),transistor pokemon,transistor tester
metal oxide transistor,metal oxide transistor pdf,metal oxide transistor operation,definition of metal oxide transistor,silicon metal oxide transistor,metal oxide field effect transistor,metal oxide thin film transistor,metal oxide semiconductor (mos) transistor demonstrated
power consumption calculator,power consumption meter,power consumption calculator pc,power consumption monitoring device,power consumption formula,power consumption rating sims 4,power consumption monitor,power consumption of refrigerator
information theory inference and learning algorithms,information theory entropy,information theory book,information theory shannon,information theory of aging,information theory pdf,information theory psychology,information theory claude shannon
raspberry pi,raspberry pi 4,raspberry pi zero,raspberry pie,raspberry pi pico,raspberry pi projects,raspberry pi 3,raspberry pi imager
linguistics definition,linguistics major,linguistics careers,linguistics degree,linguistics jobs,linguistics pathfinder,linguistics synonym,linguistics major jobs
harvard architecture school,harvard architecture vs von neumann,harvard architecture computer,harvard architecture acceptance rate,harvard architecture undergraduate,harvard architecture graduate school,harvard architecture phd,harvard architecture building
von-neumann architecture,von-neumann architecture vs harvard architecture,von-neumann architecture and how it works,von-neumann architecture company,von-neumann architecture of computer,von neumann architecture diagram,von neumann architecture definition,von neumann architecture bbc bitesize
mathematics definition,mathematics in spanish,mathematics degree,mathematics tour,mathematics for machine learning,mathematics vision project,mathematics major,mathematics calculator
math concepts by grade,math concepts and applications,math concepts list,math concepts for preschool,math concepts high school,math concepts for kindergarten,math concepts examples,math concepts on the sat
history of physics timeline,history of physics books,history of physics pdf,history of physics documentary,history of physics podcast,history of physics video,history of physics ppt,history of physics article
particle physics definition,particle physics news,particle physics standard model,particle physics vs quantum physics,particle physics equations,particle physics books,particle physics for dummies,particle physics pdf
physics of rubber elasticity,physics of rubber bands,physics of rifling
von-neumann architecture vs harvard architecture,von-neumann architecture and how it works,von-neumann architecture company,von-neumann architecture of computer,von neumann architecture pdf,von neumann architecture diagram,von neumann architecture notes,von neumann architecture vs harvard
boolean operators,boolean algebra,boolean search,boolean logic,boolean expression,boolean algebra simplification,boolean value,boolean java
boolean logic definition,boolean logic rules,boolean logic gates,boolean logic simplification,boolean logic symbols,boolean logic operators,boolean logic python,boolean logic table
binary translator,binary code,binary to decimal,binary trigger,binary code translator,binary fission,binary switch,binary search
hexadecimal to decimal,hexadecimal converter,hexadecimal to binary,hexadecimal color,hexadecimal calculator,hexadecimal decoder,hexadecimal to text,hexadecimal color picker
decimal to fraction,decimal calculator,decimal to binary,decimal place value,decimal places,decimal to fraction calculator,decimal to hex,decimal to percent
binary to hex converter,binary to hexadecimal table,binary to hex table,binary to hex chart,binary to hex python,binary to hex to decimal,binary to hexadecimal practice,binary to hex c++
hex codes color,hex codes color palette,hex codes from image,hex codes for google calendar,hex codes gta 5,hex codes for blue,hex codes pink,hex codes for purple
engineering design process,http://engineering.com,engineering jobs,engineering jobs texas,engineering jobs california,engineering guide wotlk,engineering definition,engineering.com games
microcontroller design software,microcontroller design course,microcontroller design book,microcontroller design pdf,microcontroller design patterns,microcontroller design project,microcontroller design tutorial,microcontroller design tsa
microcontrollers vs microprocessors,microcontrollers arduino,microcontrollers for beginners,microcontrollers that use python,microcontrollers list,microcontrollers examples,microcontrollers with bluetooth,microcontrollers with wifi
personal computer definition,personal computer history,personal computers for sale,personal computers and computer display monitors are,personal computer price,personal computer repair near me,personal computer invented,personal computer meaning
computing innovation,computing device,computing definition,computing system,computing network,computing innovation definition,computing network definition,computing pioneer lovelace
famous computer name,famous computer scientist,famous computer names from movies
computer cores and threads,computer cores meaning,computer cores list,computer correspondent,computer courses name,computer cores list name,computer courses,computer cores definition
processor definition,processor comparison,processor speed,processor computer,processor benchmarks,processor definition computer,processor for pc,processor link
business,buspirone,business casual,busch gardens,business cards,buspar,bus tracker,business name generator
universal busy calendar,universal business solutions,universal business insurance,universal busy times,universal bus transportation,universal business systems,universal business team,universal bushing removal tool
encoding specificity,encoding psychology definition,encoding failure,encoding definition,encoding specificity principle,encoding memory,encoding in communication,encoding psychology
decoding in reading,decoding definition,decoding words,decoding strategies,decoding in communication,decoding the gurus,decoding hieroglyphics,decoding skills
real time computing is possible due to,real time computing overview,real-time computing examples,real time computing is possible because of,real time computing is possible due to mcq,real-time computing without stable states,real-time computing pdf,real-time computing for embedded systems
blockchain technology,blockchain explorer,blockchain meaning,blockchain developer,http://blockchain.com,blockchain definition,blockchain wallet,blockchain backer
web 3.0 crypto,web 3.0 meaning,web 3.0 examples,web 3.0 explained,web 3.0 stocks,web 3.0 companies,web 3.0 is going great,web 3.0 definition and examples
data mining tools and techniques,data mining tools use clustering to find,data mining tools python,data mining tools examples,data mining tools in healthcare,data mining tools definition,data mining tools free,data mining tools and techniques pdf
tree data structure python,tree data structure java,tree data structure c++,tree data structure javascript,tree data structure geeksforgeeks,tree data structure terminology,tree data structure definition,tree data structure example
lists in python are immutable,lists in python 3,lists in python example,lists in python are immutable data structures,lists in python w3schools,lists in python definition,lists in python append,lists in python methods
fourier transform calculator,fourier transform table,fourier transform formula,fourier transform properties,fourier transform infrared spectroscopy,fourier transform matlab,fourier transform of delta function,fourier transform of gaussian
bit length python,bit length calculator,bit length sql,bit length formula,bit length in data communication,bit length in computer network,bit length of ipv4,bit length meaning
bitstarz,bits and pieces,bitsight,bitskins,bitsbox,bitstamp,bits pilani,bits to bytes
aluminum,alumni,alum,aluminum oxide,alumni hall,alucard,aluminum hydroxide,alumni definition
bioinformatics salary,bioinformatics jobs,bioinformatics jobs texas,bioinformatics jobs california,bioinformatics definition,bioinformatics journal,bioinformatics scientist,bioinformatics impact factor
biomechanics definition,biomechanics jobs,biomechanics physical therapy,biomechanics is the study of which of the following,biomechanics degree,biomechanics salary,biomechanics in sport,biomechanics engineering
natural language processing,natural language processing with python,natural language processing examples,natural language processing is ai that,natural language processing definition,natural language processing jobs,natural language processing with transformers,natural language processing techniques
levenshtein distance,levenshtein distance python,levenshtein distance calculator,levenshtein algorithm,levenshtein python,levenshtein distance sql,levenshtein distance java,levenshtein distance leetcode
lemmatization,lemma definition,lemmata savings bank,lemma coffee,lemma meaning,lemma theorem,lemmata savings bank reviews,lemmatize
lemmatization vs stemming,lemmatization python,lemmatization in nlp,lemmatization meaning,lemmatization example,lemmatization python dataframe,lemmatization spacy,lemmatization in r
incompleteness theorem,incompleteness theorem explained,incompleteness theorem proof,incompleteness theorem example,incompleteness theorem reddit,incompleteness theorem sdn bhd,incompleteness theorem sdn bhd address,incompleteness theorem for dummies
computer books name with author and publisher,history of computing books,world first computer name and year,who gave the name computer,computer network book author name
statistics definition,statistics calculator,statistics math,statistics symbols,statistics synonym,statistics and probability,statistics major,statistics class
edit distance leetcode,edit distance python,edit distance algorithm,edit distance calculator,edit distance on strava,edit distance matrix,edit distance memoization,edit distance table
minimum edit distance python,minimum edit distance leetcode,minimum edit distance calculator,minimum edit distance nlp,minimum edit distance problem,minimum edit distance backtrace,minimum edit distance table,minimum edit distance formula
algebra calculator,algebra 2,algebraic expression,algebra 1,algebra solver,algebra equations,algebra 2 calculator,algebra 2 textbook
matrix multiplication calculator,matrix multiplication rules,matrix multiplication python,matrix multiplication matlab,matrix multiplication numpy,matrix multiplication in r,matrix multiplication properties,matrix multiplication online
data science jobs,data science jobs texas,data science jobs california,data science salary,data science major,data science minor,data science internships,data science bootcamp
big data analytics,big data definition,big data engineer,big data engineer salary,big data engineer salary texas,big data engineer salary florida,big data band,big data dangerous
find patterns in big data,visualize and find patterns in big data,finding patterns in large datasets,what are patterns in data mining,big data analytics statistics,what are large datasets
fpga meaning,fpga engineer,fpga programming,fpga board,fpga design,fpga engineer salary,fpga engineer salary california,fpga jobs
how gpus work,how gpus are made,how gpus are used for mining,how gpu mine bitcoin,how gpu is faster than cpu,how gpu improve performance,how gpu mine,how gpu die
ieee,ieee citation,ieee citation generator,ieee xplore,ieee format,ieena for mac duggal,ieee 754,ieee 1394
computer engineering articles pdf,computer science engineering articles,computer hardware engineer articles,computer engineering rankings,is computer engineering a good major,10 facts about computer engineering,computer engineering major ranking,types of engineering computer
aeronautical engineering articles,aerospace engineering news articles,aerospace engineering research articles,best aerospace engineering articles,aerospace engineering topics,aerospace engineering summary,aerospace engineering earnings,aerospace engineering journal ranking
algorithm,algorithm definition,algorithmic,algorithm psychology definition,algorithm examples,algorithms of oppression,algorithmic trading,algorithms to live by
data science algorithms cheat sheet,data science algorithms python,data science algorithms pdf,data science algorithms interview questions,data science algorithms book,data science algorithms and applications,data science algorithms in a week,what are the algorithms used in data science
computer application mathematics and science,computers & mathematics with applications scimago,computers & mathematics with applications abbreviation,computers & mathematics with applications letpub,computers & mathematics with applications sjr,computer programs for mathematics,application of mathematics in computer engineering
game theory economics,game theory merch,game theory fort worth,game theory youtube,game theory raleigh,game theory definition,game theory fnaf,game theory matpat
john conway salem nh,john conway obituary,john conway salem,john conway obituary salem nh,john conway's game of life,john conway nh,john conway salem new hampshire,john conway attorney
conway's game of life rules,https://playgameoflife.com/,conway's game of life glider gun,conway's game of life python,conway's game of life unblocked,conway's game of life glider,conway's game of life google,conway's game of life patterns
neural networks refer to,neural networks and deep learning,neural networks definition,neural networks are decision trees,neural networks psychology definition,neural networks for babies,neural networks from scratch,neural networks explained
text prediction iphone,text predictions in word,text prediction android,text prediction outlook,text prediction machine learning,text prediction software,text prediction ai,text prediction online
markov chain monte carlo,markov chain calculator,markov chain model,markov chain transition matrix,markov chain example,markov chain python,markov chain generator,markov chain stationary distribution
digital signal processing principles algorithms and applications,digital signal processing engineer,digital signal processing book,digital signal processing jobs,digital signal processing interview questions,digital signal processing course,digital signal processing engineer salary,digital signal processing using matlab
pattern recognition and machine learning,pattern recognition receptors,pattern recognition test,pattern recognition in humans,pattern recognition book,pattern recognition definition,pattern recognition autism,pattern recognition psychology
image processing python,image processing toolbox,image processing algorithms,image processing software,image processing techniques,image processing jobs,image processing machine learning,image processing projects
hdmi cable,hdmi splitter,hdmi to usb,hdmi to displayport,hdmi to vga,hdmi to usb c,hdmi arc,hdmi 2.1
best videogames of all time,best videogames of 2022,best videogames of 2021,best video games right now,best video games for couples,best videogames of all time reddit,best videogames of 2020,best video games to play with friends
indie video games,indie video games 2022,indie video games switch,indie video games 2021,indie video games 2020,indie video games 2016,indie videogames page,indie videogames italia
aaa games meaning,aaa games 2022,aaa games arena,aaa games list,aaa games on switch,aaa games 2023,aaa games made with unity,aaa games coming soon
horror games on roblox,horror games 2022,horror games free,horror games unblocked,horror games ps4,horror games on xbox,horror games on switch,horror games to play with friends
action games paintball,action games for nintendo switch,action games online,action games for ps4,action games pc,action games for switch,action games for xbox one,action games for kids
game graphics settings,game graphics card,game graphics design,game graphics meme,game graphics evolution,game graphics software,game graphics settings explained,game graphics meaning
graphics requirements for minecraft,graphics requirements for cyberpunk 2077,graphics requirements for solidworks,graphics requirements for roblox,graphics requirements for photoshop,graphics requirements for revit,graphics requirements for sims 4,valorant graphics requirements
old games download,old games online,oldgameshelf,old games from 2000s,old games to play,old games store,old games list,old games on iphone
retro games near me,https://www.retrogames.cc/,retro games new jersey,retro games georgia,retro games plus,retro games store,retro games on switch,retro games for sale
history of gamestop,history of games timeline,history of games workshop,history of games ucsb,history of gamestop stock,history of games book,history of games and sports,history of game of thrones
history of video games timeline,history of video games for kids,history of video games book,history of video games documentary,history of video games netflix,history of video games consoles,history of video games youtube,history of video games lesson plan
virtual reality headset,virtual reality near me,virtual reality texas,virtual reality california,virtual reality games,virtual reality goggles,virtual reality game system,virtual reality definition
eye tracking software,eye tracking autism,eye tracking challenge,eye tracking technology,eye tracking exercises,eye tracking glasses,eye tracking vr,eye tracking problems
alternate reality game,alternate reality escape room,alternate reality meaning,alternate reality comics,alternate reality movies,alternate reality theory,alternate reality synonym,alternate reality books
signalis,signal app,signal detection theory,signals catalog,signal transduction,signalis walkthrough,signal phrases,signal hill
information processing theory,information processing model,information processing approach,information processing cycle,information processing theory dreams,information processing model of memory,information processing psychology,information processing perspective
simulation programming languages,simulation programming projects,simulation programming jobs,simulation programming c++,simulation programming with python,simulation programming in r,simulation programming meaning,simulation programming definition
news today,newsela,news4jax,news 12,news google,newsweek,newsday,news nation
world news today,world news headlines,world news tonight,world news now,world news ukraine,world news live,world news bbc,world news today 2022
us news college rankings,us news and world report,us news today,us news ranking,us news best colleges,us news law school rankings,us news best places to retire,us news college rankings 2023
joe biden speech today,joe biden age,joe biden approval rating,joe biden net worth,joe biden twitter,joe biden news,joe biden son,joe biden speech yesterday
donald trump jr,donald trump twitter,donald trump news,donald trump net worth,donald trump jr twitter,donald trump age,donald trump 2024,donald trump education
queen elizabeth ii,queen elizabeth children,queen elizabeth funeral,queen elizabeth 1,queen elizabeth cause of death,queen elizabeth ii funeral,queen elizabeth sister,queen elizabeth the queen mother
news history search,news history today,news history apple,history news network,history news articles,history of newspaper,history news this week,history news channel
sports newsnow football,sports news now nigeria,sports news now uganda,sports news now man utd,sports news now bbc,sport news now chelsea,sport news now transfer,sport news now man u
traffic news now,traffic news now near me,travel update now,traffic news now oahu,travel now new richmond,travel now new richmond wi,travel news today,travel news weekly
news without opinions,dawn news opinions,dawn news opinions in urdu,news page with opinions,news article with opinions and assertions,green valley news opinions,news facts and opinions,news facts not opinions
politics definition,politics and prose,politics news,politics girl,politics and the english language,politics today,politics shoes,politics synonym
debate topics,debate synonym,debate definition,debate tonight,debater,debate club,debate questions,debater personality type
political debate topics,political debate topics 2022,political debate discord,political debate schedule,political debate definition,political debates near me,political debate rules,political debates coming up
court system news,legal system news,legal system news articles,criminal justice system news,criminal justice system news articles,juvenile justice system news,juvenile justice system news articles,criminal justice system news canada
judiciary news today,judiciary news in nigeria,judiciary news kenya,judiciary newsletter,judiciary news nrl,judiciary news in nigeria today,judiciary news now,judiciary newspaper
energy news network,energy news today,energy news europe,energy newsletters,energy news articles,energy news bloomberg,energy news websites,energy news reuters
africa news today,africa news live,africa news 24,africa news articles,africa news headlines,africa newsnow,africa news outlets,africa news app
asia news today,asia newson,asia news international,asia news network,asia news monitor,asia news channel,asia newspapers,asia newsome
australia news today,http://news.com.au,australia news today live,australia news today for international students,australia news today covid,australia news today in hindi,australia news today international travellers,australia news today lockdown update
china newsnow,china news now.cm,china news today,china news today live,china news today taiwan,china news today in hindi,china news today coup,china news today flood
india news now live,india news now china,india news today,india news today live,india news today in english,india news today headlines,india news today covid,india news today tamil
middle east news now,middle east news today,middle east news agency,middle east newspapers,middle east news now 24/7,middle east news fz llc,middle east news bbc,middle east newspapers in english
afghanistan newsnow,afghanistan news now live,afghanistan news now bbc,afghanistan news now a days,afghanistan news now cnn,afghanistan news now youtube,afghan news now live,afghanistan news now.cm
united kingdom map,united kingdom countries,united kingdom flag,united kingdom time,united kingdom population,united kingdom in spanish,united kingdom currency,united kingdom vs great britain
is the queen dead,is the queen mary open,is the queen of england,is the queen sick,is the queen's sister still alive,is the queen mary hotel open,is the queen dying,is the queen scottish
election news today,election news kenya,election news this week
election day 2022,election day,election polls,election results,election polls 2022,election predictions,election results 2022,elections 2022
financial news today usa,financial news today headlines,financial news today world,financial news today cnbc,financial news today india,financial news today uk,financial news today canada,financial news today in hindi
the markets are experiencing high volatility,the markets are down,the markets area belfast,the markets are crashing,the markets are quick and the prices are right,the markets are down today,financial markets are,the arena market
news videos today,news videos for kids,news videos for students,news videos for elementary students,news videos cnn,news videos youtube,news videos in spanish,news videos ukraine
social media news today,social media news articles,social media newsletters,social media news sites,social media news sources,social media news outlets,social media news live,social media news release
what's happening in social media today,things happening in social media,whats going on in social media,things going on in social media,social media events near me,what is social media issues
what social media do teens use,what social media has the most users,what social media pays the most,what social media does gen z use,what social media does facebook own,what social media do millennials use,what social media platforms are there,what social media does to your brain
extreme weather in texas,extreme weather in california,extreme weather in china,extreme weather in the us,extreme weather in japan,extreme weather in florida,extreme weather in canada,extreme weather in arizona
weather forecast for the next 10 days,weather forecast for the next month,weather forecast for the next two weeks,weather forecast for the next few days,weather forecast for the next 30 days,weather forecast for the next 24 hours,weather forecast for the next 15 days,weather forecast for the next 3 weeks
weather news today,weather news live,weather news near me,weather news 9,weather news channel,weather news 12,weather news florida,weather news today live
text to speech google,text to speech free,text to speech voices,text to speech reader,text to speech mp3,text to speech generator,text to speech download,text to speech extension
nfl schedule for sunday,nfl schedule for 2022,nfl schedule for week 9,nfl schedule for week 1,nfl schedule for this year,nfl schedule for week 7,nfl schedule for week 4,nfl schedule for week 2
olympics news 2022,olympics news articles,olympics news india,olympics news 2022 india,olympics newsletter,olympics newspaper article,olympics news 2021,olympics news today india
how do computers work,how do computers generate random numbers,how do computers represent complex information,how do computers communicate with each other,how do computers represent numbers,how do computers represent information,how do computers store data,how do computers understand code
what is a computer virus,what is a computer scientist,what is a computer network,what is a computer program,what is a computer worm,what is a computer engineer,what is a computer platform,what is a computer server

best way programming language to learn,best way programing language,best way programmer,better ways program,best programmer way,best way to program thermostat,best way to program esp32,best way to program nest thermostat
what is the turing test,what is the turing machine,what is the turing test in ai,what is the turing award,what is the turing test quizlet,what is the turing test used for,what is the turing law,what is the turing test and how does it work
who has won the turing award,who has won the am turing award 2020,did turing write to churchill,did turing really write to churchill,did turing break enigma,when did turing break the enigma code
who has won the turing award,who has won the am turing award 2020,did turing write to churchill,did turing really write to churchill,did turing break enigma,when did turing break the enigma code
turing test,turing tumble,turing machine,turing complete,turing tumble amazon,turing test questions,turing machine board game,turing scholars
what is combinatorial control,what is combinatorial optimization,what is combinatorial control of gene expression,what is combinatorial mathematics,what is combinatorial chemistry,what is combinational logic,what is combinatorial explosion,what is combinatorial analysis
what is computational engineering,what is computational thinking,what is computational biology,what is computational neuroscience,what is computational linguistics,what is computational science,what is computational chemistry,what is computational mathematics
what is bioinformatics used for,what is bioinformatics quizlet,what is bioinformatics major,what is bioinformatics in biology,what is bioinformatics in simple words,what is bioinformatics reddit,what is bioinformatics and computational biology,what is bioinformatics course
how do computers work,how do computers generate random numbers,how do computers represent complex information,how do computers communicate with each other,how do computers represent numbers,how do computers represent information,how do computers store data,how do computers understand code
what is a computer virus,what is a computer scientist,what is a computer network,what is a computer program,what is a computer worm,what is a computer engineer,what is a computer platform,what is a computer server
how do computers work,how do computers generate random numbers,how do computers represent complex information,how do computers communicate with each other,how do computers represent numbers,how do computers represent information,how do computers store data,how do computers understand code
what is the turing test,what is the turing machine,what is the turing test in ai,what is the turing award,what is the turing test quizlet,what is the turing test used for,what is the turing law,what is the turing test and how does it work
what is bioinformatics used for,what is bioinformatics quizlet,what is bioinformatics major,what is bioinformatics in biology,what is bioinformatics in simple words,what is bioinformatics reddit,what is bioinformatics and computational biology,what is bioinformatics course
what is computational engineering,what is computational thinking,what is computational biology,what is computational neuroscience,what is computational linguistics,what is computational science,what is computational chemistry,what is computational mathematics
what is the turing test,what is the turing machine,what is the turing test in ai,what is the turing award,what is the turing test quizlet,what is the turing test used for,what is the turing law,what is the turing test and how does it work
what is the turing test,what is the turing machine,what is the turing test in ai,what is the turing award,what is the turing test quizlet,what is the turing test used for,what is the turing law,what is the turing test and how does it work
what is bioinformatics used for,what is bioinformatics quizlet,what is bioinformatics major,what is bioinformatics in biology,what is bioinformatics in simple words,what is bioinformatics reddit,what is bioinformatics and computational biology,what is bioinformatics course
what is computational engineering,what is computational thinking,what is computational biology,what is computational neuroscience,what is computational linguistics,what is computational science,what is computational chemistry,what is computational mathematics
what is the turing test,what is the turing machine,what is the turing test in ai,what is the turing award,what is the turing test quizlet,what is the turing test used for,what is the turing law,what is the turing test and how does it work
